MODEL,MODEL_FAIL_RATE
ST9250315AS,0.481887244
ST4000DM000,0.693692066